concurrency,num_requests,success_count,failed_count,total_time,qps,avg_latency,p50_latency,p95_latency,avg_answer_length
1,3,3,0,6.77667799999972,0.44269478349128055,2.258158466666373,2.3587023999998564,3.425730499999645,98.66666666666667
2,4,4,0,6.04232839999986,0.6619964581865647,2.6764921000001323,3.684399199999916,3.7442454000001817,120.25
4,4,4,0,6.0071593000002395,0.6658721369349804,4.17186740000011,5.1170138000002225,6.006102700000156,120.75
