concurrency,num_requests,success_count,failed_count,total_time,qps,avg_latency,p50_latency,p95_latency,avg_answer_length
1,3,3,0,3.6651495000005525,0.81852049964116,1.2211270999990422,1.2506072999985918,1.2535225799996623,121
2,4,4,0,2.6190819000003103,1.5272527369226316,1.293123750000177,1.2852891499996986,1.329297365000548,118.25
4,4,4,0,1.3368479000000661,2.9921130145021,1.2283835500006717,1.2146104000003106,1.3207782800015593,119.25
