concurrency,num_requests,success_count,failed_count,total_time,qps,avg_latency,p50_latency,p95_latency,avg_answer_length
1,3,3,0,1.2641187999997783,2.373194671260744,0.4207275333337748,0.3963170999995782,0.46810929000021134,107.66666666666667
2,4,4,0,1.1039576999992278,3.6233272343703007,0.5219354499995461,0.5512039999994158,0.6216707349998615,108
4,4,4,0,0.48691949999920325,8.214910267521727,0.46322804999954315,0.470159299999068,0.48391900000078747,103.5
